,code,date,wuhan,xiaogan,huanggang,jingzhou,ezhou,suizhou,xiangyang,huang,yichang,jingmen,xianning,shiyan,xiantao,enshi,qianjiang,beijing,tianjin,shangha,chongqing,hefe,bengbu,fuyang,bozhou,fuzhou_x,shenzhen,guangzhou,xinyang,zhengzhou,nanyang,zhumadian,qiqihaer,haerbin,changsha,nanjing,suzhou,xuzhou,nanchang,xinyu,shangrao,jiujiang,yichun,ganzhou,fuzhou_y,jinan,xi.an,chengdu,wenzhou,hangzhou,ningbo,taizhou
,code,date,Wuhan,Xiaogan,Huanggang,Jingzhou,Ezhou,Suizhou,Xiangyang,Huangshi,Yichang,Jingmen,Xianning,Shiyan,Xiantao,Enshi,Qianjiang,Beijing,Tianjin,Shanghai,Chongqing,Hefei,Bengbu,Fuyang,Bozhou,Fuzhou.f,Shenzhen,Guangzhou,Xinyang,Zhengzhou,Nanyang,Zhumadian,Qiqihar,Harbin,Changsha,Nanjing,Suzhou,Xuzhou,Nanchang,Xinyu,Shangrao,Jiujiang,Yichun,Ganzhou,Fuzhou.j,Jinan,Xi.an,Chengdu,Wenzhou,Hangzhou,Ningbo,Taizhou
1,-22,20190112,3.7253,3.7519,3.7973,3.7785,3.4909,3.7262,4.394,4.1916,4.4084,4.2701,4.3097,4.2796,3.5956,4.2088,3.5313,3.8859,4.3657,4.2438,3.9874,4.3779,4.601,4.8875,4.951,3.8064,3.7561,3.7956,4.3992,4.6946,4.4995,4.4325,4.2796,4.274,4.0479,4.2438,5.334,4.706,3.9949,4.9212,4.2688,4.3144,4.5899,4.5572,4.2107,4.0323,4.0503,4.2381,4.2868,4.6784,5.1612,4.6225
2,-21,20190113,3.5147,3.7952,3.8649,3.8043,3.516,3.71,4.3828,4.1414,4.4468,4.2863,4.3366,4.2508,3.6136,4.2501,3.5941,3.6699,4.1896,3.9403,3.9711,4.0949,4.3988,4.8595,4.9623,3.5972,3.3597,3.5353,4.4362,4.3698,4.504,4.4592,4.2043,4.0758,3.8369,3.9048,4.8408,4.5341,3.7754,4.6306,4.2321,4.3578,4.5217,4.4788,4.1805,3.657,3.8142,4.0636,4.1424,4.3433,4.8305,4.4359
3,-20,20190114,4.3003,3.7901,3.9618,3.8614,3.7317,3.9343,4.6204,4.5157,4.73,4.4744,4.4637,4.4423,3.5037,4.4653,3.6924,5.2773,5.2164,5.6728,4.2913,4.9125,4.7961,4.9163,4.9591,4.2926,4.3103,4.3139,4.4207,5.0875,4.6264,4.5903,4.5939,4.7569,4.4507,5.2676,5.9114,4.9469,4.3946,5.1577,4.2882,4.5038,4.7324,4.6533,4.4395,4.6356,4.59,4.8159,4.4534,5.4322,5.5765,4.7824
4,-19,20190115,4.4622,3.9161,4.0727,4.106,3.9168,3.964,4.6867,4.6422,4.8594,4.5993,4.7008,4.5761,3.7003,4.6394,3.9115,5.396,5.2725,5.805,4.3552,5.0362,4.9296,5.033,5.0234,4.4837,4.4415,4.4899,4.4687,5.1831,4.6097,4.5857,4.7029,4.8633,4.6363,5.406,6.0732,5.014,4.5227,5.2402,4.3802,4.6094,4.8172,4.7066,4.5107,5.2457,4.7199,4.9719,4.5322,5.5149,5.6323,4.7935
5,-18,20190116,4.2665,3.8454,3.9899,3.9567,3.7144,3.9083,4.5587,4.5949,4.7158,4.4782,4.6307,4.4398,3.5656,4.5903,3.7864,5.2085,5.1325,5.553,4.3041,4.8242,4.8003,4.9322,4.89,4.1988,4.2473,4.2223,4.3616,4.9999,4.5617,4.6136,4.5305,4.7013,4.2704,5.1707,5.803,4.8576,4.2942,5.1068,4.2609,4.4672,4.6446,4.5265,4.3349,4.5667,4.5676,4.8226,4.3777,5.3388,5.4764,4.6611
6,-17,20190117,4.3427,4.0063,4.1953,4.1237,3.8602,3.9654,4.6525,4.709,4.7965,4.5636,4.7613,4.6535,3.7152,4.576,3.8911,5.314,5.2534,5.6325,4.4595,4.9409,4.8914,5.0436,5.1944,4.3439,4.3217,4.2997,4.6278,5.1194,4.7908,4.8666,4.6032,4.7759,4.4743,5.262,5.8488,4.9936,4.3472,5.28,4.3812,4.6695,4.7559,4.742,4.4728,4.9633,4.6511,4.9234,4.449,5.4712,5.5863,4.7933
7,-16,20190118,4.419,4.1672,4.4007,4.2908,4.006,4.0226,4.7463,4.8231,4.8773,4.6489,4.892,4.8671,3.8647,4.5616,3.9959,5.4196,5.3743,5.7119,4.6149,5.0575,4.9824,5.155,5.4988,4.4889,4.3962,4.3772,4.8939,5.239,5.0198,5.1197,4.676,4.8505,4.6781,5.3532,5.8946,5.1296,4.4002,5.4531,4.5015,4.8718,4.8673,4.9575,4.6107,5.3599,4.7346,5.0242,4.5204,5.6036,5.6963,4.9255
8,-15,20190119,3.702,3.9228,4.1276,4.0697,3.6669,3.733,4.438,4.3871,4.4357,4.3222,4.5309,4.5185,3.7842,4.368,3.8504,3.9943,4.5081,4.2995,4.1565,4.4184,4.6849,5.0472,5.3537,3.8728,3.7585,3.8079,4.6446,4.6706,4.8414,4.9211,4.3712,4.3415,4.1156,4.3409,5.2613,4.7262,3.8281,4.8943,4.2979,4.465,4.6053,4.7468,4.2884,4.5928,4.0945,4.4116,4.2551,4.7121,5.15,4.6366
9,-14,20190120,3.45,3.9096,4.1548,4.0245,3.634,3.7173,4.3108,4.2375,4.3728,4.2303,4.5339,4.3716,3.8694,4.3843,3.8258,3.7424,4.234,3.9288,4.0007,4.0991,4.5291,5.0254,5.2722,3.5894,3.3772,3.5047,4.587,4.2897,4.7058,4.9146,4.3003,4.1656,3.8977,3.9272,4.7261,4.4177,3.7296,4.7558,4.3113,4.4801,4.7158,4.3593,4.2673,4.2038,3.8189,4.1379,3.9248,4.2901,4.7007,4.3052
10,-13,20190121,4.1991,4.1934,4.3428,4.2954,3.7608,4.1871,4.8709,4.708,4.8642,4.6856,4.8058,4.6509,4.0791,4.7499,4.1158,5.1219,4.9975,5.4413,4.4507,4.8519,4.9827,5.3618,5.409,4.1186,4.0997,4.0621,4.805,4.957,4.9703,5.178,4.6775,4.724,4.4448,5.0198,5.5685,4.9946,4.3001,5.1984,4.6711,4.765,4.9741,4.6782,4.7182,4.549,4.5346,4.7667,4.1556,5.2146,5.2578,4.6115
11,-12,20190122,4.1418,4.2582,4.3976,4.4004,3.7183,4.1442,4.9068,4.7007,4.8227,4.7046,4.8087,4.7437,4.1741,4.8159,4.1676,5.0817,4.9922,5.393,4.5426,4.8243,4.9687,5.4622,5.5733,4.0888,4.0027,3.9786,4.9184,4.9855,5.0535,5.3094,4.6333,4.6766,4.3601,4.9779,5.5096,5.0829,4.2393,5.1419,4.8401,4.8467,4.9995,4.7302,4.6535,4.5521,4.4806,4.714,4.0049,5.1605,5.2153,4.5652
12,-11,20190123,4.1328,4.3859,4.6597,4.5555,3.8226,4.4201,5.0111,4.8464,4.9592,4.8627,5.0819,4.9014,4.3089,5.0541,4.3412,5.0606,4.9722,5.3908,4.6675,4.8964,5.1206,5.7125,5.9242,4.1004,3.9245,3.9,5.2603,4.9963,5.1964,5.3513,4.6583,4.6756,4.3364,4.9672,5.4599,5.1466,4.2334,5.1592,5.0422,5.0585,5.1479,4.9074,4.9746,4.5307,4.4135,4.6954,3.916,5.1361,5.1513,4.4854
13,-10,20190124,4.2874,4.4958,4.7191,4.772,3.9801,4.436,5.1338,4.9128,5.0753,5.0662,5.1902,5.0468,4.4225,5.0842,4.4101,5.1698,5.0636,5.4505,4.7705,4.9859,5.2944,5.9488,6.1176,4.2051,3.9978,3.9708,5.3549,5.1714,5.2972,5.5637,4.7677,4.7806,4.4818,5.118,5.5775,5.2755,4.3771,5.5517,5.198,5.4262,5.3985,5.171,5.1798,5.1985,4.5277,4.8176,3.7922,5.2404,5.2,4.4282
14,-9,20190125,4.152,4.5313,4.7777,4.8412,3.8646,4.432,5.1525,5.0181,5.09,5.0586,5.2604,4.9454,4.4269,5.2312,4.4074,4.9769,4.8972,5.2313,4.7982,4.8803,5.3437,5.9637,6.3012,4.0549,3.8265,3.8183,5.3194,4.9816,5.2111,5.5071,4.7152,4.6402,4.3941,5.0118,5.3858,5.28,4.3406,5.4244,5.3676,5.3748,5.4333,5.0914,5.1514,4.488,4.4122,4.6011,3.5862,5.0324,4.9686,4.2478
15,-8,20190126,3.488,4.29,4.635,4.6241,3.5828,4.2183,4.8842,4.6616,4.6968,4.6933,5.0763,4.6121,4.2138,5.0628,4.1148,3.6434,4.1585,3.8797,4.3631,4.2789,5.054,5.9713,6.248,3.5228,3.1225,3.171,5.2352,4.5031,5.1451,5.4774,4.464,4.1805,3.9084,4.016,4.5732,4.8639,3.8575,5.1523,5.2125,5.106,5.3336,5.0008,5.0119,3.8851,3.855,4.0109,3.1512,4.1582,4.2607,3.7735
16,-7,20190127,3.2698,4.3198,4.7988,4.677,3.5476,4.3164,4.8827,4.6712,4.6212,4.6644,5.1508,4.5093,4.2887,5.1485,4.1315,3.3609,3.9151,3.5333,4.2739,4.0881,5.184,6.1156,6.426,3.2757,2.6567,2.8239,5.3636,4.2216,5.2045,5.6769,4.4638,4.0795,3.7221,3.6812,4.038,4.7664,3.7193,4.9602,5.3432,5.2013,5.3678,5.0641,5.3194,3.627,3.5775,3.7543,2.9243,3.7969,3.8932,3.527
17,-6,20190128,3.9469,4.6415,5.3312,5.0974,3.9423,4.7422,5.4484,5.1917,5.1577,5.2099,5.6281,5.1908,4.4596,5.7218,4.5028,4.7515,4.8366,4.9369,4.8892,4.8343,5.8329,6.7323,7.1412,3.8945,3.1917,3.3756,5.7025,4.8073,5.6412,5.9596,4.9864,4.7511,4.2867,4.8199,4.7238,5.3369,4.3445,5.748,6.002,5.8005,5.9171,5.4566,5.8588,5.0398,4.3943,4.5252,3.1913,4.6551,4.3209,3.8223
18,-5,20190129,3.8103,4.7009,5.5802,5.2989,3.9896,4.7888,5.5272,5.3865,5.1962,5.2385,5.9322,5.2603,4.6221,6.0512,4.5658,4.5689,4.7076,4.7516,4.9361,4.7456,5.9758,6.8853,7.3195,3.792,2.9292,3.1828,6.1142,4.6068,5.803,6.2684,4.9272,4.6646,4.167,4.7178,4.4858,5.4264,4.2511,5.6763,6.28,5.8754,6.0319,5.5992,6.1215,4.9365,4.3005,4.3733,3.1229,4.3764,4.0648,3.7104
19,-4,20190130,3.5881,4.6614,5.5567,5.196,3.9328,4.7737,5.2704,5.2635,5.0718,5.2437,5.8492,4.8983,4.4779,5.8099,4.4085,4.3338,4.5379,4.5443,4.8142,4.607,5.8342,6.5969,7.1324,3.7229,2.6229,2.9745,5.8022,4.2705,5.2854,5.7727,4.8882,4.5733,3.92,4.5527,4.1743,5.1771,4.1487,5.8614,6.3846,5.841,6.1338,5.6994,6.1839,4.7972,4.0388,4.2224,3.0778,4.1371,3.8186,3.645
20,-3,20190131,3.5472,5.0273,5.8456,5.6125,4.0434,5.1257,5.5524,5.4142,5.1489,5.443,6.0161,4.982,4.8422,6.0603,4.7577,4.2049,4.4845,4.2594,4.9932,4.5121,6.0891,7.1995,7.6737,3.7204,2.3614,2.8306,6.1274,4.1441,5.8588,6.3501,5.1134,4.6284,3.7893,4.4057,3.8495,5.1666,4.1306,5.7124,6.5991,5.8837,6.2647,5.7395,6.4489,4.7281,4.032,4.2172,3.074,3.8581,3.4903,3.5445
21,-2,20190201,3.0917,4.9747,5.8638,5.3394,3.7704,4.9402,5.2994,5.1964,4.7893,5.1805,5.8361,4.9,4.7024,5.8882,4.5269,3.5228,3.9838,3.6488,4.7239,4.0763,6.1191,7.2977,7.9208,3.2556,1.8239,2.3411,6.3596,3.6685,5.7426,6.347,4.8687,4.263,3.3321,3.8586,3.1896,5.2783,3.7732,5.6027,6.4433,5.7778,6.1139,5.5181,6.273,3.7058,3.5791,3.6809,2.8723,3.2866,3.0639,3.2979
22,-1,20190202,2.845,5.3063,6.2985,5.5215,4.0368,5.205,5.3835,5.4308,4.7401,5.3678,6.11,4.9343,4.8961,6.1059,4.6412,3.1155,3.7886,3.1859,4.7859,3.8063,6.3578,7.5806,8.2562,3.075,1.5008,2.0756,6.666,3.3593,6.0098,6.6587,5.0469,4.2113,3.1197,3.5022,2.8358,5.4745,3.7358,5.5926,6.7051,5.9695,6.433,5.7272,6.7221,3.9281,3.3612,3.4332,2.8844,2.8989,2.8602,3.2575
23,0,20190203,2.3166,5.0093,5.8228,4.899,3.728,4.8808,4.8256,4.8933,4.1186,4.936,5.5418,4.2513,4.4321,5.3489,4.2196,2.3946,3.1926,2.5516,4.3175,3.1084,5.959,7.3844,8.1723,2.6183,1.1956,1.7349,6.2019,2.7241,5.555,6.4672,4.595,3.6269,2.5863,2.6566,2.2387,5.1852,3.1813,5.1438,6.1418,5.3661,5.9117,5.2062,6.1746,2.739,2.7359,2.8707,2.745,2.3419,2.5029,3.0439
24,1,20190204,1.9864,4.7081,5.2162,4.4442,3.5049,4.7873,4.6619,4.3567,4.005,4.8393,5.1344,4.0309,4.1262,4.7999,3.9772,2.0752,2.8607,2.1531,4.0523,2.8548,4.971,5.9511,6.1309,2.0578,0.9388,1.466,5.67,2.3467,4.8529,5.3254,4.4163,3.2486,2.4305,2.2681,1.913,4.4223,2.9266,5.0602,5.1009,4.9286,5.5883,4.3695,5.552,2.6949,2.2837,2.5297,2.3962,1.9655,2.2249,2.7567
25,2,20190205,2.031,5.1527,5.0966,5.2096,3.5213,6.0015,5.4819,4.2309,4.7324,5.6913,4.6709,4.6688,4.6104,5.8109,4.7827,1.9505,3.1421,2.0209,4.2689,2.9721,5.6648,7.0696,7.4708,2.3098,0.9958,1.5546,6.6123,2.5374,5.5189,6.3856,4.664,3.3828,2.5933,2.3256,1.8947,4.8714,3.0797,5.4934,6.5144,5.7127,6.5554,5.2885,6.6099,2.8482,2.4553,2.5178,2.6094,2.1131,2.344,2.7808
26,3,20190206,2.0023,5.9425,6.9121,6.076,4.109,6.6983,6.0593,4.9268,5.0315,5.9244,6.6953,5.3395,5.3752,6.1506,5.2048,2.0304,3.4236,2.0571,4.4856,3.0893,6.3587,8.1882,8.8106,2.5618,0.9803,1.6432,7.5547,2.7282,6.1849,7.4459,4.9118,3.517,2.756,2.383,1.8764,5.3205,3.2327,5.9266,7.9279,6.4969,7.5224,6.2076,7.6678,3.0016,2.6269,2.506,2.8225,2.2607,2.4632,2.8048
27,4,20190207,1.894,6.0247,6.4242,5.7314,3.879,6.4156,5.8156,5.2547,4.9167,5.7376,6.2987,5.1317,4.8655,6.094,4.7949,1.9313,2.9605,1.8386,4.476,2.921,5.9744,8.1699,8.733,2.6217,0.9476,1.4748,7.3415,2.3984,5.7793,6.9177,4.9058,3.5909,2.513,2.2448,1.6869,4.985,2.7687,5.3393,7.415,5.9175,6.9191,6.2939,6.4867,2.9133,2.5302,2.519,2.8379,2.0936,2.1917,2.9975
28,5,20190208,1.9139,5.6471,6.1812,5.5532,3.7005,6.0942,5.314,5.0411,4.768,5.4444,6.0293,4.8944,4.6552,6.0665,4.5208,1.9967,2.9587,1.9229,4.4624,2.8942,5.7245,7.6217,8.285,2.3747,0.9785,1.5104,6.8957,2.3516,5.336,6.1389,4.8646,3.5743,2.5496,2.2072,1.7862,4.8564,2.9391,5.693,7.2628,6.017,7.0278,6.0459,7.1759,2.9469,2.5657,2.5441,2.635,2.1326,2.2289,2.9804
29,6,20190209,1.9893,5.3565,5.8082,5.5106,3.5497,5.5945,5.0747,4.808,4.6836,5.2429,5.7396,4.7566,4.5497,5.8477,4.4339,2.0932,2.9266,2.0376,4.3425,2.9436,5.1849,6.9989,7.5835,2.451,1.0765,1.5549,5.9799,2.4977,4.9658,5.4677,4.8209,3.6503,2.5889,2.318,1.9625,4.6517,2.9049,5.5734,6.8761,5.7555,6.6244,5.7402,6.7157,3.0887,2.6332,2.6797,2.5895,2.1201,2.2435,2.9083
30,7,20190210,2.1716,4.9814,5.6237,5.1619,3.4906,5.3775,5.0104,4.7937,4.5595,4.4471,5.4722,4.5297,4.3655,5.7533,4.245,2.1831,3.161,2.1333,4.3563,3.3454,5.6871,7.2391,7.4841,2.6753,1.2714,1.7053,5.9345,2.6129,5.2336,5.6788,4.9034,3.8487,2.9052,2.4986,2.1452,4.8208,3.0687,5.5372,6.6168,5.5448,6.299,5.5563,6.4438,3.2807,2.6711,2.952,2.6173,2.1981,2.2974,2.9265
31,8,20190211,2.9441,5.1878,5.5275,5.4251,3.7618,5.7709,5.5845,4.9447,4.9729,5.3914,5.4513,5.2481,4.5088,5.8585,4.5487,3.4575,4.0636,3.6271,4.7201,4.0446,6.0095,7.3949,7.8793,3.2687,1.9864,2.243,6.6752,3.8162,5.7594,6.3007,5.0467,4.3525,3.4756,3.5782,3.208,5.3212,3.6767,5.8041,6.6303,5.6011,6.1231,5.473,6.3627,4.3421,3.4614,3.7209,2.8659,3.0045,2.9266,3.1969
32,9,20190212,3.3213,4.9716,5.3243,5.3172,3.7839,5.6614,5.5466,5.0177,5.081,5.3497,5.4223,5.2376,4.4755,5.935,4.4359,3.7219,4.1169,4.0273,4.8579,4.413,5.8055,7.0398,7.6001,3.5808,2.6087,2.7817,6.3805,4.2146,5.6477,6.0455,5.063,4.5641,3.9388,3.9352,3.803,5.3656,4.0483,5.9738,6.6538,5.5233,6.2635,5.7452,6.3782,4.7013,3.8398,4.0784,3.077,3.5126,3.4384,3.5051
33,10,20190213,3.5623,4.8195,5.2149,5.1169,3.7774,5.3217,5.2461,4.8137,5.0045,5.2133,5.1001,4.9577,4.4181,5.7644,4.3341,4.14,4.4911,4.4191,4.883,4.5464,5.6018,6.5176,7.1409,3.6512,2.9674,3.0384,6.0848,4.259,5.1522,5.5207,4.9601,4.6262,4.0332,4.2359,4.271,5.3453,4.0643,5.719,6.2853,5.3886,5.9505,5.5524,5.977,4.7339,3.9883,4.2656,3.1254,3.8448,3.6364,3.6209
34,11,20190214,3.6567,4.7144,5.2484,4.9755,3.7868,4.9155,5.0189,5.0223,4.9401,5.0638,5.1574,4.8283,4.3031,5.5589,4.3403,4.0488,4.4598,4.5093,4.817,4.5976,5.4142,6.3866,6.6026,3.6935,3.2454,3.2508,5.8945,3.6793,4.9171,4.9641,4.8761,4.5992,4.1428,4.3074,4.4708,4.9906,4.0645,5.6279,6.1878,5.3547,5.8027,5.3986,5.7156,3.8481,3.9776,4.3005,3.317,4.0712,3.9646,3.7977
35,12,20190215,3.64,4.3276,4.5365,4.6458,3.4307,4.7012,4.9308,4.4938,4.8134,4.8566,4.6212,4.7721,3.9215,5.233,4.0396,4.2197,4.5183,4.5864,4.6462,4.5655,5.3489,6.1658,6.4537,3.7941,3.3989,3.3616,5.6107,4.2057,5.085,5.2423,4.6952,4.4928,4.1025,4.4268,4.6165,5.0911,3.9629,5.3548,5.496,4.7943,5.4012,5.1402,5.2262,4.1192,4.0851,4.4083,3.3675,4.1993,4.0611,3.7949
36,13,20190216,3.1617,4.1927,4.4354,4.3672,3.2705,4.4039,4.6471,4.234,4.4791,4.5856,4.4301,4.4343,3.7428,4.9202,3.8906,3.1755,3.9785,3.5138,4.2343,4.1803,5.1131,5.9685,6.2498,3.1821,2.963,3.0313,5.4162,4.0677,4.839,5.2101,4.3967,4.0873,3.7592,3.7595,4.3545,4.9157,3.4,4.9095,5.0733,4.4532,4.9752,4.8001,4.7721,3.7395,3.6159,3.9265,3.0155,3.5109,3.7218,3.4791
37,14,20190217,3.0862,4.0532,4.3502,4.1337,3.2145,4.2355,4.4318,4.0797,4.3473,4.4345,4.2429,4.2575,3.5638,4.6752,3.8823,3.1204,3.8745,3.3562,4.0305,3.9508,4.8496,5.7005,5.9943,3.0436,2.6765,2.7999,5.3609,3.9311,4.6617,5.0474,4.2542,3.9405,3.5401,3.5247,4.0668,4.6808,3.1822,4.6055,4.7613,4.296,4.6728,4.5288,4.3149,3.5523,3.4411,3.6385,3.0692,3.4678,3.6698,3.5587
38,15,20190218,3.9827,4.2938,4.7442,4.4528,3.7811,4.2975,4.8335,4.6379,4.8233,4.804,4.7693,4.9237,3.8038,5.07,3.9146,4.8428,4.9926,5.2075,4.6766,4.7009,4.912,5.4759,5.6859,3.9335,3.8193,3.6361,5.1813,4.7284,5.0694,5.0488,4.8365,4.7164,4.2196,4.7733,5.2422,4.9994,3.9629,5.1748,5.1055,4.7401,5.0773,4.5303,4.7715,5.0843,4.3468,4.744,3.6575,4.7471,4.716,4.1818
39,16,20190219,3.8194,4.2603,4.6424,4.4717,3.5871,4.3793,5.1731,4.609,4.9631,4.8237,4.8336,4.9644,3.8742,5.2877,3.8458,4.5777,4.6878,5.0868,4.5395,4.5313,4.8525,5.6883,5.8087,3.7795,3.7544,3.6746,5.1507,4.5029,5.0919,5.2997,4.8644,4.5526,4.098,4.6325,5.1368,4.7814,3.9207,5.2963,5.2192,4.7004,5.1325,4.5877,4.9932,4.1936,4.1987,4.586,3.6452,4.6502,4.7052,4.139
40,17,20190220,4.0143,4.2653,4.6211,4.2455,3.6409,4.3762,4.9845,4.6249,4.8116,4.7934,4.763,4.9688,3.7721,5.129,3.84,4.6964,4.98,5.1682,4.5449,4.8092,5.0548,5.9008,5.8701,4.0364,3.8847,3.8288,5.5705,4.7394,5.1359,5.4208,4.7524,4.681,4.1813,4.8201,5.2733,5.0777,4.0983,5.285,5.154,4.8916,5.25,5.1343,4.8855,4.3675,4.3716,4.7419,3.7998,4.7558,4.8048,4.2527
41,18,20190221,4.0514,3.9033,4.1678,3.8841,3.5175,4.0502,4.5856,4.366,4.5688,4.3685,4.3595,4.5934,3.416,4.5092,3.5716,4.7958,4.9663,5.2638,4.4118,4.7351,4.921,5.3701,5.4009,3.9366,3.9629,3.8806,4.9707,4.7788,4.7917,4.8527,4.5695,4.614,4.1692,4.8996,5.3856,4.9511,4.0655,4.9744,4.5613,4.7101,4.7023,4.372,4.3528,4.3876,4.3327,4.6878,3.6986,4.8159,4.8814,4.1255
42,19,20190222,4.2747,4.1442,4.2607,4.116,3.6739,4.2717,4.8078,4.5581,4.8261,4.6403,4.5527,4.6971,3.6545,4.7012,3.8821,4.9471,5.1427,5.4043,4.5078,4.8001,4.9409,5.3743,5.403,4.1828,4.0747,4.0491,4.966,4.9952,4.9118,4.9766,4.5573,4.6551,4.4796,5.0319,5.5014,5.0821,4.3129,5.235,4.785,4.6236,4.8912,4.804,4.6715,4.5084,4.5321,4.7932,4.1666,5.1162,5.1525,4.6052
43,20,20190223,3.6909,3.9314,3.8946,3.7835,3.3534,3.9879,4.4892,3.9867,4.4024,4.298,3.9939,4.387,3.4714,4.3163,3.6086,3.7643,4.4714,4.1121,4.1403,4.4173,4.7827,5.2308,5.2827,3.4973,3.3982,3.3568,4.7164,4.6772,4.6581,4.7021,4.2636,4.208,3.993,4.2418,5.0309,4.856,3.7193,4.503,4.1103,3.9419,4.3271,4.0274,3.8666,3.9733,4.0549,4.1963,3.8968,4.4101,4.7525,4.3014
44,21,20190224,3.5353,3.8433,3.8344,3.6949,3.3255,3.8618,4.356,4.0052,4.3031,4.1695,4.0935,4.1895,3.4145,4.2439,3.5037,3.598,4.2807,3.8444,4.0403,4.1503,4.6279,5.1473,5.1661,3.2646,3.0407,3.275,4.5751,4.4507,4.4848,4.5514,4.1373,4.072,3.9421,3.9508,4.6015,4.6592,3.7711,4.5775,4.1386,4.1768,4.3529,4.254,3.9855,3.7301,3.8608,3.9468,3.7917,4.1786,4.475,4.1481
45,22,20190225,4.3351,3.9317,3.9796,3.8701,3.6705,4.0049,4.5975,4.4797,4.6544,4.4453,4.3523,4.4724,3.4738,4.3155,3.6886,5.1283,5.2027,5.6244,4.2733,4.8453,4.8642,5.031,5.0324,4.1733,4.1251,4.0988,4.5028,5.0177,4.5561,4.4978,4.5322,4.6784,4.4728,5.2039,5.7414,4.9323,4.3961,5.0824,4.2905,4.4127,4.6452,4.4089,4.3158,4.5056,4.5532,4.7542,4.245,5.3089,5.377,4.5969
46,23,20190226,4.2806,3.7648,3.8029,3.7666,3.5934,3.8527,4.4217,4.3773,4.5829,4.3071,4.2567,4.3227,3.3481,4.234,3.5699,5.1492,5.1986,5.6235,4.2117,4.7863,4.7249,4.8616,4.8794,4.1854,4.1572,4.1288,4.2637,4.9952,4.4036,4.3221,4.4956,4.6739,4.4197,5.168,5.7745,4.8906,4.3183,4.9777,4.172,4.2637,4.5091,4.4357,4.2065,4.4782,4.3724,4.6797,4.301,5.3093,5.442,4.6416
47,24,20190227,4.3835,3.7419,3.7689,3.7687,3.737,3.8804,4.5988,4.3157,4.7034,4.3897,4.2663,4.4687,3.3415,4.2175,3.5643,5.423,5.4317,5.7847,4.2869,4.906,4.8184,4.9443,4.9761,4.4019,4.383,4.345,4.2496,5.0853,4.5602,4.442,4.6387,4.8314,4.5253,5.3297,5.9423,5.0269,4.4169,5.0503,4.0735,4.2616,4.5308,4.4429,4.1448,5.199,4.7242,4.9222,4.3406,5.4418,5.5528,4.6645
48,25,20190228,4.6221,4.0853,4.1008,4.0508,4.0151,4.1314,4.7927,4.6221,4.9325,4.6725,4.6079,4.677,3.6111,4.4302,3.8637,5.6271,5.6082,6.0463,4.4567,5.1609,5.0847,5.1678,5.1768,4.3915,4.5584,4.4898,4.5194,5.2487,4.7233,4.6919,4.7733,4.9709,4.7335,5.5865,6.1806,5.1878,4.6652,5.2518,4.4018,4.5697,4.7533,4.5022,4.367,5.4093,4.9092,5.0836,4.4423,5.7106,5.7939,4.8418
49,26,20190301,4.6993,4.0876,4.1316,4.1054,4.0485,4.2521,4.9781,4.7201,5.1454,4.826,4.6977,4.7922,3.6517,4.734,3.8366,5.7817,5.7884,6.1508,4.7375,5.3337,5.3033,5.3423,5.4521,4.6415,4.609,4.6138,4.7176,5.6163,4.9465,4.8501,4.7354,5.0338,4.8897,5.7161,6.2671,5.449,4.694,5.4295,4.4035,4.6188,4.9181,4.9639,4.5246,5.6159,5.0993,5.1574,4.5624,5.8162,5.888,5.0223
50,27,20190302,3.9236,3.8837,3.7922,3.8375,3.5996,4.0267,4.6203,4.0534,4.6741,4.4561,4.2389,4.4754,3.3984,4.4318,3.5878,4.2203,4.9101,4.2917,4.1787,4.6383,4.9364,5.1006,5.259,4.0315,3.8718,3.9724,4.4649,4.942,4.6293,4.4018,4.4125,4.5365,4.256,4.5015,5.3892,5.0399,3.9986,4.8543,4.1309,4.1493,4.5237,4.7244,4.0195,4.9231,4.3034,4.6212,4.3057,4.7368,5.1425,4.6266
51,28,20190303,3.8279,3.9564,3.9173,3.8863,3.6806,4,4.6675,4.1478,4.6362,4.4843,4.4971,4.5187,3.5046,4.5006,3.6802,3.9905,4.6607,4.1218,4.1836,4.3744,4.7663,5.2155,5.2523,3.6375,3.3908,3.6641,4.6709,4.7482,4.7873,4.7141,4.3056,4.3924,4.2946,4.2008,4.9459,4.8276,4.0028,4.8761,4.382,4.3632,4.6552,4.5511,4.2316,4.5317,4.2562,4.3827,4.09,4.5254,4.8702,4.4291
52,29,20190304,4.4992,3.9055,3.9068,3.8536,3.796,3.9932,4.6315,4.5523,4.7603,4.4929,4.4533,4.4555,3.483,4.2817,3.7166,5.3984,5.4349,5.8533,4.2308,4.9748,4.8844,4.9233,4.9155,4.3847,4.3596,4.3777,4.4097,5.1762,4.5327,4.3872,4.4254,4.7551,4.6344,5.3909,5.9852,4.985,4.5507,5.1806,4.2768,4.4355,4.6992,4.5441,4.3262,4.7087,4.7259,4.8763,4.4979,5.5941,5.7221,4.8459
53,30,20190305,4.5464,3.8398,3.8549,3.9051,3.8864,4.0378,4.7111,4.5004,4.8166,4.5905,4.4303,4.5767,3.4908,4.3001,3.7349,5.6617,5.6451,6.0216,4.3682,5.0607,5.0228,5.054,5.0437,4.3614,4.531,4.4621,4.389,5.3687,4.6831,4.5569,4.5006,4.8806,4.6988,5.5499,6.1644,5.1457,4.6107,5.2007,4.2047,4.4,4.7051,4.2473,4.2333,5.4302,4.9231,5.1053,4.4531,5.7125,5.8203,4.823
54,31,20190306,4.4996,3.8291,3.8504,3.8483,3.8261,3.9218,4.5743,4.5281,4.691,4.4195,4.4078,4.4102,3.4388,4.1262,3.6901,5.3674,5.4054,5.8373,4.1631,4.9764,4.8637,4.8567,4.8277,4.323,4.2811,4.2948,4.3079,5.1611,4.4761,4.3188,4.34,4.7116,4.5673,5.4163,6.0317,4.9778,4.5284,5.1027,4.1922,4.4169,4.5963,4.2856,4.2128,4.6768,4.7261,4.8519,4.5192,5.6015,5.7435,4.8497
55,32,20190307,4.5051,3.846,3.8945,3.8742,3.8608,3.9286,4.5968,4.5482,4.7197,4.4498,4.4631,4.4196,3.4762,4.1609,3.7174,5.3993,5.455,5.8454,4.1797,4.9406,4.8171,4.8273,4.7991,4.2417,4.2446,4.2366,4.291,5.1674,4.4448,4.3065,4.3877,4.7309,4.6166,5.3747,6.0224,4.9153,4.5396,5.1554,4.227,4.4266,4.632,4.1854,4.2097,4.6854,4.726,4.7793,4.508,5.6056,5.8005,4.8578
56,33,20190308,4.7287,4.1645,4.1946,4.0994,4.0456,4.3962,5.0453,4.8293,5.0417,4.7391,4.7825,4.7651,3.7473,4.5198,3.8583,5.5659,5.6903,5.9688,4.5528,5.1873,5.16,5.2448,5.2291,4.4912,4.4142,4.4252,4.742,5.5131,4.9181,4.804,4.8018,5.103,4.8176,5.5612,6.1559,5.239,4.7449,5.3553,4.5131,4.7783,4.9269,4.767,4.542,4.9007,5.0496,5.0477,4.724,5.7972,5.9841,5.1748
57,34,20190309,4.0333,3.8688,3.8483,3.8412,3.6627,3.9947,4.6811,4.2684,4.5727,4.3951,4.3767,4.4303,3.5246,4.2108,3.6435,4.1312,4.8526,4.295,4.0626,4.6071,4.8329,5.0527,5.1241,3.5875,3.5629,3.5755,4.5785,4.9876,4.6761,4.5625,4.2613,4.4416,4.3187,4.5449,5.3764,4.9063,4.1446,4.7923,4.1544,4.3938,4.5605,4.2977,3.9682,4.2993,4.4208,4.4803,4.3367,4.8339,5.1678,4.6494
58,35,20190310,3.9043,3.9569,3.98,3.8561,3.7877,4.0717,4.7436,4.2606,4.6937,4.5048,4.5343,4.5364,3.6016,4.4303,3.7229,4.0263,4.7767,4.1747,4.2182,4.4693,4.8805,5.2406,5.2724,3.8519,3.2493,3.6326,4.7232,4.8237,4.7858,4.7501,4.3699,4.4172,4.3354,4.3107,5.0281,4.9629,4.132,4.9303,4.4211,4.505,4.7114,4.6615,4.2917,4.6219,4.2361,4.4339,4.3777,4.6814,5.0772,4.7147
59,36,20190311,4.5879,3.9412,3.9798,3.9327,3.9239,4.0867,4.7395,4.6514,4.8391,4.6127,4.5333,4.5359,3.5496,4.3331,3.8031,5.5206,5.5826,5.9631,4.375,5.0767,4.9509,4.975,4.9814,4.4897,4.4274,4.4629,4.4366,5.2873,4.6404,4.4494,4.5251,4.8632,4.7435,5.4859,6.1072,5.0734,4.6227,5.2921,4.3526,4.5475,4.7952,4.6731,4.4109,4.8277,4.8564,5.0569,4.6347,5.7063,5.8708,4.9831
60,37,20190312,4.6274,3.9562,3.9991,3.9753,4.0936,4.119,4.7871,4.6234,4.8709,4.6235,4.5942,4.6275,3.619,4.3267,3.9488,5.5746,5.6504,6.013,4.3878,5.1354,4.9998,5.0085,5.0038,4.5393,4.5267,4.53,4.4549,5.3391,4.6685,4.4865,4.4974,4.8453,4.8182,5.5269,6.1879,5.1014,4.6958,5.3472,4.4241,4.5782,4.8386,4.7154,4.4775,5.4007,4.8976,5.0973,4.6341,5.7726,5.9184,4.9997
61,38,20190313,4.6469,3.9411,4.0017,3.9014,4.0767,4.0883,4.7051,4.6306,4.8943,4.5665,4.561,4.5087,3.5348,4.2951,3.7836,5.6005,5.6588,6.0263,4.357,5.1525,4.9903,4.9772,4.9676,4.5364,4.5274,4.5066,4.4296,5.325,4.6087,4.4656,4.4519,4.7344,4.7854,5.5547,6.2068,5.0954,4.6922,5.3539,4.4108,4.5763,4.8379,4.7159,4.4664,5.4251,4.898,5.0875,4.6253,5.795,5.9347,5.0007
62,39,20190314,4.5595,3.8878,3.934,3.9031,3.9294,4.0414,4.6997,4.617,4.8222,4.5676,4.5307,4.4785,3.5738,4.3081,3.9317,5.4631,5.5375,5.8369,4.2949,5.0507,4.9201,4.9346,4.9249,4.4421,4.3789,4.3544,4.4066,5.2609,4.6076,4.46,4.4307,4.7747,4.6961,5.444,6.0654,5.0453,4.606,5.2521,4.2671,4.5029,4.7466,4.5814,4.3405,4.7923,4.8112,4.9913,4.4906,5.6108,5.7236,4.807
63,40,20190315,4.8362,4.1427,4.2247,4.172,4.2528,4.2668,5.0776,4.8652,5.1559,4.9009,4.8843,4.8627,3.7557,4.6654,4.0358,5.7468,5.834,6.133,4.6997,5.3795,5.2367,5.2878,5.3082,4.7151,4.544,4.5892,4.797,5.6583,5.0838,4.8965,4.7186,5.0905,5.0538,5.7355,6.3081,5.3773,4.9391,5.5957,4.6979,4.8888,5.1517,5.0096,4.7056,5.6617,5.1628,5.3239,4.8132,5.9679,6.0768,5.2473
64,41,20190316,4.1974,4.0322,4.058,4.0412,3.972,4.1205,4.9238,4.4272,4.8492,4.6955,4.611,4.6877,3.6631,4.4408,3.9114,4.3296,5.0381,4.6191,4.2674,4.8693,5.0569,5.3118,5.3959,4.1235,3.8921,4.056,4.7758,5.2389,5.006,4.7709,4.4802,4.6365,4.5031,4.7674,5.6542,5.088,4.4257,5.081,4.5777,4.5988,4.8745,4.7815,4.3265,5.0158,4.5759,4.6619,4.5843,5.1388,5.5426,4.9962
65,42,20190317,3.8384,3.7339,3.7671,3.7089,3.5669,3.8418,4.5377,4.1645,4.5182,4.3568,4.3281,4.3216,3.4031,4.2226,3.5899,3.9862,4.6384,4.1647,4.0304,4.3707,4.6927,5.0574,5.0974,3.7295,3.409,3.6933,4.5026,4.7559,4.653,4.5553,4.2131,4.3216,4.1396,4.2639,5.0202,4.7822,4.0227,4.7675,4.2935,4.3216,4.4968,4.4254,4.0314,4.0377,4.1877,4.3197,4.3227,4.6758,5.1054,4.6816
66,43,20190318,4.5331,3.8274,3.8511,3.8583,3.8465,4.0056,4.6731,4.5679,4.7645,4.5274,4.4507,4.4358,3.487,4.1863,3.7564,5.382,5.488,5.7613,4.2562,5.0032,4.8698,4.9286,4.9589,4.3775,4.315,4.3735,4.3805,5.2523,4.5786,4.461,4.4694,4.7986,4.6922,5.3957,6.01,5.0184,4.6166,5.1997,4.2707,4.4893,4.7342,4.5107,4.3408,4.7414,4.7686,4.9777,4.5445,5.6158,5.7467,4.87
67,44,20190319,4.5937,3.8527,3.9333,3.9198,3.9357,4.045,4.7136,4.6417,4.8262,4.586,4.5353,4.4841,3.5518,4.2072,3.8243,5.5034,5.5936,5.9238,4.3206,5.1013,4.9919,5.0105,5.0136,4.494,4.3831,4.4427,4.4213,5.3258,4.6142,4.5001,4.4661,4.8351,4.7873,5.5111,6.141,5.1476,4.7048,5.3107,4.4107,4.5486,4.7856,4.6697,4.3947,4.8242,4.8348,5.0551,4.6157,5.7444,5.928,4.9667
68,45,20190320,4.6194,3.8907,3.9527,3.9776,3.9835,4.0825,4.8025,4.6799,4.9097,4.6841,4.5882,4.5531,3.6319,4.3037,3.8803,5.4966,5.5657,5.9294,4.3447,5.1248,4.949,4.8723,4.8101,4.5292,4.4122,4.4335,4.4069,5.3555,4.6809,4.4972,4.4507,4.8467,4.7956,5.5294,6.1663,4.8641,4.7303,5.3616,4.4434,4.6102,4.873,4.6945,4.4781,4.8063,4.8794,5.0947,4.6533,5.8235,6.012,5.0449
69,46,20190321,4.5498,3.7653,3.8511,3.837,3.9005,3.9259,4.6365,4.5678,4.7066,4.4828,4.4786,4.3246,3.4889,4.1247,3.7445,5.3998,5.4721,5.8514,4.2638,5.0776,4.9092,4.8167,4.8562,4.5336,4.3906,4.4165,4.2343,5.2349,4.4863,4.3285,4.4028,4.4127,4.6922,5.4992,6.1314,5.0243,4.4455,5.2835,4.2517,4.4094,4.7037,4.7083,4.3359,4.7724,4.7561,5.0097,4.5851,5.6159,5.8538,4.9659
70,47,20190322,4.7073,3.8833,4.0383,3.9136,4.1148,4.2214,4.9646,4.7806,5.0553,4.7195,4.6773,4.6751,3.5689,4.4884,3.7858,5.6905,5.801,6.0261,4.5587,5.2896,5.1703,5.1942,5.2377,4.5646,4.512,4.5312,4.6247,5.5652,4.9292,4.7709,4.6418,4.9046,4.8535,5.7092,6.2776,5.3412,4.829,5.4708,4.4746,4.7074,4.9378,4.8772,4.5095,5.5896,5.0715,5.2315,4.6271,5.8953,6.0261,5.095
71,48,20190323,4.0877,3.8267,3.8584,3.8376,3.7205,4.0071,4.7355,4.3604,4.7068,4.5108,4.4385,4.4618,3.5889,4.2759,3.7062,4.2389,4.8804,4.4839,3.994,4.6461,4.8923,5.0993,5.1664,3.9364,3.6351,3.7835,4.4868,4.9796,4.7063,4.5017,4.3067,4.4499,4.3748,4.7056,5.5376,4.9884,4.2408,4.9179,4.3441,4.4172,4.6312,4.4629,4.0753,4.3401,4.4098,4.4874,4.4768,5.0486,5.4677,4.9024
72,49,20190324,3.8641,3.7903,3.8026,3.7316,3.7498,3.9682,4.6742,4.1463,4.6558,4.4357,4.3451,4.4121,3.5624,4.2902,3.6387,4.0827,4.735,4.1842,4.0205,4.4243,4.8164,5.1598,5.2084,3.7338,3.3003,3.4718,4.4901,4.7635,4.6451,4.5498,4.3019,4.3777,4.1333,4.3531,5.0396,4.8644,4.0235,4.7258,4.2678,4.325,4.5136,4.4434,4.1002,4.5734,4.2222,4.3082,4.2839,4.7148,5.0856,4.696
73,50,20190325,4.6319,3.8685,3.9394,3.9126,4.0581,4.0422,4.7609,4.6082,4.8711,4.6274,4.5893,4.5326,3.5649,4.3071,3.8262,5.5655,5.6296,5.9344,4.3532,5.1426,4.968,5.0044,4.9967,4.434,4.3828,4.3473,4.404,5.3418,4.6006,4.4533,4.4983,4.9066,4.7861,5.5739,6.178,5.0904,4.6922,5.3452,4.3174,4.5587,4.8117,4.6226,4.4143,5.434,4.8732,5.0219,4.5792,5.7731,5.8766,4.963
74,51,20190326,4.5567,3.7711,3.8199,3.8514,3.8711,3.958,4.6581,4.5541,4.7587,4.5016,4.4428,4.4075,3.4971,4.1183,3.7695,5.4459,5.4935,5.8626,4.2265,5.0432,4.8904,4.895,4.8914,4.4478,4.3283,4.356,4.3408,5.2275,4.4887,4.3465,4.3731,4.7562,4.6594,5.4731,6.0982,5.0183,4.6186,5.2063,4.2742,4.4546,4.6821,4.5444,4.282,4.7799,4.7493,4.8976,4.5813,5.7165,5.896,4.9696
75,52,20190327,4.4931,3.7302,3.7431,3.856,3.806,3.9629,4.6427,4.4296,4.7729,4.4937,4.3323,4.4068,3.4578,4.1445,3.7511,5.4428,5.4771,5.8343,4.2218,5.03,4.8845,4.8826,4.8554,4.4525,4.3155,4.3354,4.3119,5.2272,4.4953,4.3347,4.3748,4.7611,4.6538,5.4667,6.0985,5.0298,4.5747,5.2112,4.2263,4.3861,4.6804,4.5636,4.2951,4.7778,4.7466,4.923,4.5767,5.6472,5.8479,4.9339
76,53,20190328,4.5133,3.7408,3.7829,3.8611,3.8457,3.9707,4.6548,4.4836,4.7644,4.4802,4.3866,4.4017,3.474,4.1674,3.7809,5.3742,5.4199,5.7704,4.2265,4.9937,4.8556,4.866,4.8471,4.4683,4.3084,4.3433,4.318,5.1923,4.4959,4.3371,4.3474,4.7207,4.5966,5.4459,6.0529,4.9735,4.4761,5.1089,4.1284,4.3293,4.543,4.5576,4.244,4.719,4.7319,4.9286,4.5848,5.6248,5.8316,4.8975
77,-22,20200101,4.2826,4.4601,4.2978,4.2281,4.1166,4.2192,4.9062,4.7355,4.9815,4.8055,4.9593,4.6557,4.1547,4.7434,4.1629,4.7008,5.0253,4.8945,4.7414,5.1378,4.9798,5.3114,5.2015,4.5221,4.1304,4.1738,4.9228,5.3119,4.8802,4.8297,4.7395,4.7935,4.6962,5.0501,5.3889,5.1974,4.9676,5.3301,4.7705,4.953,5.0673,5.1473,4.8584,5.1036,4.6868,4.7398,4.9326,5.295,5.5165,5.4304
78,-21,20200102,5.2757,4.7081,4.5547,4.4876,4.5481,4.6857,5.2106,5.3182,5.4407,5.1604,5.2136,5.1177,4.1809,5.0693,4.4638,6.5167,6.2191,6.8176,5.1841,6.0522,5.4187,5.4476,5.3134,5.3498,5.2403,4.9706,5.1705,6.1334,5.1075,5.0557,4.9969,5.5389,5.2856,6.4467,6.8853,5.7159,5.5984,5.747,4.971,5.1573,5.2968,5.2935,5.139,6.2782,5.6292,5.6528,5.3786,6.5251,6.6015,5.9755
79,-20,20200103,5.334,4.6232,4.5539,4.4969,4.5459,4.6706,5.3212,5.3434,5.4596,5.1467,5.2404,5.2705,4.1982,5.1214,4.4039,6.6137,6.3527,6.8635,5.3203,6.136,5.5727,5.6631,5.536,5.4446,5.2409,5.0258,5.256,6.2574,5.3528,5.3625,5.0922,5.6073,5.2993,6.5088,6.9254,5.852,5.6661,5.9128,4.9972,5.2206,5.3538,5.3548,5.1914,6.3945,5.7995,5.8047,5.3901,6.533,6.6136,6.0352
80,-19,20200104,4.3842,4.3245,4.2053,4.1998,4.1506,4.3272,4.9565,4.774,4.9213,4.7357,4.9106,4.894,3.9425,4.6885,4.0829,4.857,5.3463,5.1651,4.6588,5.2423,5.1132,5.464,5.404,4.5914,4.4248,4.3151,4.8361,5.6287,5.0631,5.0721,4.6619,4.938,4.6151,5.2662,6.1362,5.4427,4.918,5.2735,4.5454,4.7609,4.9234,5.0077,4.7117,5.5065,4.9183,4.9248,4.9507,5.4191,5.8171,5.5344
81,-18,20200105,4.1317,4.0333,4.154,4.0169,4.0267,3.9985,4.5097,4.6389,4.7638,4.4526,4.9473,4.5955,3.8161,4.6972,3.831,4.5687,5.0556,4.8698,4.5279,4.9102,4.4091,4.7901,4.6693,4.3929,3.9613,3.9768,4.4412,4.6725,4.4785,4.377,4.5527,4.7582,4.4679,4.8136,5.6368,4.689,4.713,5.1958,4.6809,4.7803,4.8869,4.9906,4.7302,4.8632,4.4962,4.6635,4.6812,5.1857,5.6378,5.3178
82,-17,20200106,5.2662,4.3832,4.4783,4.399,4.4309,4.4661,5.0065,5.3311,5.281,4.9002,5.2851,4.9521,4.0937,4.9943,4.2195,6.3456,6.0361,6.961,5.0803,5.9991,5.0329,5.008,4.9761,5.3338,5.225,4.9561,4.7566,5.9342,4.8574,4.7794,5.0538,5.5345,5.3318,6.4613,7.025,5.5234,5.7116,5.8033,5.0474,5.3014,5.35,5.2556,5.2437,6.1964,5.6222,5.6462,5.3247,6.5824,6.6523,5.9661
83,-16,20200107,5.2815,4.5923,4.5054,4.6202,4.3641,4.5501,5.2857,5.2326,5.3455,5.0927,5.2295,5.1139,4.2883,5.2778,4.4721,6.4933,6.194,6.8787,5.1593,5.8684,5.0878,5.0484,4.8873,5.3426,5.2167,4.9647,4.919,5.8196,4.9593,4.8569,4.8925,5.5092,5.2923,6.3428,6.9399,5.2573,5.5975,5.7991,4.8976,5.0406,5.2651,5.2761,5.1055,5.7652,5.6308,5.6597,5.3005,6.5479,6.6222,5.944
84,-15,20200108,5.3214,4.6288,4.6521,4.591,4.4498,4.5744,5.1549,5.3783,5.2883,5.1549,5.3484,5.0325,4.354,5.1241,4.5301,6.5695,6.2773,6.8407,5.1192,6.0736,5.5432,5.6095,5.4531,5.301,5.211,4.9618,5.2138,6.1407,5.116,5.3597,5.0817,5.6504,5.3035,6.4959,6.9107,5.7058,5.6533,5.7014,5.0258,5.1821,5.289,5.2089,5.2114,5.9008,5.636,5.6785,5.2491,6.5416,6.5338,5.9484
85,-14,20200109,5.1513,4.2819,4.3122,4.4879,4.1618,4.421,5.0376,5.0788,5.2725,4.9475,5.093,5.1172,4.1595,5.2862,4.2539,6.5505,6.2903,6.7911,5.1764,5.829,5.5195,5.5193,5.5882,5.2542,5.1778,4.9446,4.9564,6.1566,5.1411,5.2261,5.1447,5.6893,5.2114,6.2974,6.8249,5.7444,5.5251,5.7475,4.9434,4.9073,5.2762,5.2358,5.1518,6.1709,5.5668,5.6605,5.125,6.4389,6.4557,5.8335
86,-13,20200110,5.2171,4.5765,4.4377,4.6517,4.3042,4.6419,5.3154,5.1235,5.4712,5.0517,5.2081,5.2862,4.3625,5.3721,4.461,6.6375,6.2894,6.8167,5.4006,6.0322,5.5017,5.7574,5.7711,5.4187,5.2437,4.9848,5.1912,6.2597,5.394,5.4074,5.3061,5.7564,5.2275,6.4699,6.8025,5.9192,5.5141,5.7834,5.1014,5.1258,5.3409,5.4108,5.2681,6.3309,5.6841,5.7638,5.1196,6.3999,6.4316,5.8571
87,-12,20200111,4.4613,4.6559,4.5695,4.6168,4.0778,4.607,5.1931,4.9001,5.1005,5.0318,5.1946,5.1509,4.5432,5.3746,4.4483,5.0008,5.278,5.2001,4.9281,5.2427,5.2053,5.6722,5.7177,4.6227,4.4583,4.252,5.3097,5.5593,5.3082,5.3496,4.8801,5.081,4.7322,5.1925,6.0056,5.3985,4.7089,5.2142,4.6564,4.9337,5.1215,4.9387,4.8253,5.4752,5.0033,5.068,4.6279,5.3959,5.6104,5.3054
88,-11,20200112,4.2045,4.7264,4.7733,4.7046,4.1008,4.6345,5.1648,4.9885,5.1113,5.0199,5.3888,5.0469,4.5275,5.5267,4.5567,4.7315,5.0127,4.9712,4.8887,5.0789,5.0875,5.6714,5.7362,4.3139,3.9479,3.8537,5.3989,5.2153,5.3384,5.5506,4.8482,4.9232,4.5657,4.8388,5.5567,5.2119,4.6629,5.2155,5.1334,5.1465,5.304,5.0069,5.2808,5.1157,4.6251,4.7962,4.4512,5.1507,5.3876,5.234
89,-10,20200113,5.1656,5.05,5.0722,5.1075,4.4513,5.0566,5.6604,5.5131,5.6037,5.5375,5.7053,5.4769,4.8579,5.7411,4.9489,6.4348,6.01,6.7019,5.3984,6.0405,5.7617,6.2144,6.2397,5.0901,4.9722,4.6548,5.8722,6.1201,5.7653,5.9284,5.3067,5.7066,5.2062,6.3792,6.5123,5.8212,5.4517,5.9186,5.6575,5.6571,5.6988,5.4927,5.6762,6.1118,5.5339,5.6223,4.6103,6.2374,6.1218,5.484
90,-9,20200114,5.1121,5.1506,5.1718,5.2657,4.5004,5.084,5.6798,5.5619,5.6006,5.5344,5.788,5.4858,4.9242,5.6822,4.9518,6.351,5.9222,6.5873,5.4042,6.0856,5.861,6.4346,6.5107,5.0252,4.8992,4.5833,5.8925,6.0151,5.7946,6.0883,5.306,5.667,5.1226,6.2816,6.3917,5.8695,5.3812,5.7593,5.815,5.725,5.6857,5.3912,5.6192,6.045,5.4492,5.5587,4.4009,6.1817,5.9815,5.2939
91,-8,20200115,4.9132,4.7095,4.8305,4.9747,4.1843,4.847,5.3585,5.2711,5.504,5.3067,5.6074,5.3241,4.4978,5.7518,4.5434,6.3716,5.928,6.5583,5.5728,5.8809,5.8097,6.3982,6.5583,5.0241,4.8697,4.5377,5.693,5.9789,5.4127,5.8793,5.3462,5.6794,4.9774,6.2669,6.2676,5.977,5.1803,5.7716,5.5727,5.7314,5.6062,5.6506,5.5606,6.1042,5.3357,5.5158,4.0813,6.0216,5.7666,5.0758
92,-7,20200116,4.9241,5.147,5.4302,5.4155,4.4541,5.1544,5.7721,5.6788,5.669,5.605,6.0047,5.5779,4.9895,6.0947,5.0048,6.2938,5.8377,6.3318,5.6405,5.7184,5.6608,6.3989,6.308,5.0161,4.7094,4.3989,5.8601,5.9006,5.9651,6.1687,5.4346,5.6721,5.003,6.0704,5.995,5.719,5.2801,5.7143,5.9897,6.0434,5.8835,5.6914,5.8464,6.0929,5.3606,5.572,3.9768,5.8288,5.5098,4.8605
93,-6,20200117,4.8733,5.2831,5.6343,5.5034,4.4531,5.2305,5.8665,5.7346,5.7512,5.6542,6.107,5.6915,5.024,6.1785,5.0836,6.1884,5.7254,6.2951,5.7278,5.8455,6.0789,6.9086,6.9771,4.8567,4.465,4.1736,6.1343,5.8215,5.9872,6.263,5.4394,5.5989,5.0247,6.1542,5.9167,6.0987,5.3831,6.0275,6.3602,6.2908,6.1058,5.7102,6.094,6.0476,5.3329,5.4983,3.9268,5.7533,5.3566,4.8987
94,-5,20200118,4.0436,5.0967,5.6297,5.5018,4.2319,5.101,5.5428,5.5946,5.3422,5.3592,6.1723,5.388,4.9762,6.2796,4.9057,4.4901,4.7085,4.5989,5.246,5.0728,6.0036,6.9757,7.1221,4.1983,3.3206,3.3005,6.3671,5.0747,5.925,6.4195,5.1109,5.0037,4.4416,4.9269,4.8686,5.7322,4.7004,5.5208,6.4266,6.0664,5.994,5.7522,6.1894,5.1804,4.5423,4.6969,3.5516,4.6191,4.4129,4.4378
95,-4,20200119,4.3249,5.4714,6.0103,5.8453,4.4107,5.4206,5.8705,5.8309,5.5513,5.7674,6.4008,5.6107,5.2658,6.4142,5.1885,5.3592,5.2522,5.2619,5.5454,5.4426,6.4594,7.3903,7.7138,4.47,3.2696,3.3742,6.6925,5.2622,6.2813,6.7292,5.3751,5.3057,4.511,5.5181,4.8454,5.9425,5.0526,5.9974,6.7118,6.3179,6.3341,5.9348,6.5843,5.6074,4.9668,5.0333,3.6148,4.8404,4.4474,4.3908
96,-3,20200120,4.2152,5.8366,6.4254,6.2194,4.6047,5.8408,6.2025,6.068,5.6395,6.0122,6.6697,5.8277,5.5174,6.6189,5.4205,5.2178,5.237,5.2413,5.623,5.4711,6.9138,8.0327,8.4069,4.459,2.9676,3.2487,7.2514,5.1055,6.644,7.1855,5.6105,5.3991,4.3927,5.4764,4.6361,6.2045,5.1412,6.0212,7.1503,6.5774,6.679,6.1524,7.0362,5.5958,4.9103,4.9132,3.6722,4.6611,4.1766,4.3764
97,-2,20200121,3.5992,5.7154,6.2298,6.1414,4.336,5.7178,5.9982,5.7616,5.4683,5.9897,6.5026,5.7165,5.3132,6.6915,5.2219,4.6594,4.9308,4.7124,5.547,5.0325,6.8327,8.006,8.4764,4.247,2.4749,2.8781,7.1913,4.5651,6.418,7.0275,5.5343,5.2499,4.0543,5.0028,4.129,6.1898,4.9222,6.1518,7.2525,6.4916,6.7632,6.1968,7.2137,5.2216,4.5722,4.513,3.5982,4.1854,3.8245,4.2267
98,-1,20200122,2.8838,5.9112,6.4569,6.0312,4.4206,5.7612,5.9031,5.7419,5.2179,5.8253,6.4061,5.5377,5.2503,6.7414,5.044,3.9546,4.5117,3.9841,5.3935,4.4789,7.0133,8.1975,8.7434,3.919,1.9892,2.4538,7.267,3.9966,6.5124,7.0988,5.5756,5.0189,3.5254,4.3309,3.451,6.291,4.5338,5.9203,7.2012,6.3027,6.7757,6.2869,7.4005,4.7022,4.092,4.0045,3.598,3.5098,3.4771,4.1643
99,0,20200123,1.9621,5.7562,6.2484,5.2988,4.1613,5.5275,5.1969,5.3568,4.5496,5.4574,5.9174,4.8459,4.7242,6.0871,4.4932,3.0974,3.8949,3.2991,5.016,3.8241,6.8208,8.2553,8.8778,3.3893,1.5428,2.0448,6.983,3.2985,6.1753,6.9834,5.2937,4.4454,2.9103,3.5116,2.9363,6.1684,3.8795,5.5115,6.7312,6.037,6.3429,5.8957,6.8331,3.9659,3.4368,3.3562,3.3249,2.8829,3.0491,3.8898
100,1,20200124,1.2811,4.5464,4.5861,4.3001,3.1742,4.5894,4.3537,4.2045,3.896,4.5598,4.7635,3.9666,3.7286,4.8884,3.7884,2.4029,3.1833,2.4791,4.346,3.2787,5.2409,6.0818,6.1385,2.4862,1.066,1.5617,5.9158,2.4991,4.7155,5.1049,4.5755,3.5956,2.5117,2.643,2.2026,4.9175,3.251,5.1497,5.3079,5.2213,5.7897,4.588,5.973,3.1086,2.5547,2.6638,2.7482,2.2181,2.5593,3.27
101,2,20200125,0.8931,2.8695,2.7471,3.2376,2.0366,2.4448,3.0441,2.7178,2.623,3.2365,2.7779,2.7234,2.3082,4.6575,2.816,1.8254,2.6262,1.7764,3.6953,2.8208,4.5358,5.3681,5.8872,2.0476,0.8243,1.1917,4.5606,1.9438,3.8357,4.3723,4.1649,3.038,1.9937,2.2064,1.6197,3.7001,2.5449,3.403,4.3074,3.8873,4.6902,3.2849,4.6684,2.4312,1.9499,2.0382,1.8264,1.8072,2.2184,2.0526
102,3,20200126,0.6259,2.2358,2.197,2.6485,1.4417,1.99,2.5938,1.9631,2.1748,2.0993,2.2724,2.2288,2.0041,3.3433,2.2416,1.6544,2.644,1.6174,3.3448,2.2211,4.3912,5.0233,6.3027,1.6407,0.7343,1.1227,3.537,1.6628,2.9951,3.222,4.467,3.016,1.9348,1.8981,1.5162,3.8041,2.0385,2.9894,3.906,2.9392,3.3624,3.2338,4.0067,2.3313,1.6015,1.8877,1.673,1.5682,1.9289,1.6219
103,4,20200127,0.6573,2.2105,2.1663,2.3438,1.4021,1.9591,2.1652,1.8946,1.9434,2.0336,2.0675,1.8132,1.99,3.0956,2.0764,1.4808,2.185,1.6,3.07,1.9277,4.1463,4.1877,5.4133,1.6839,0.743,0.9627,3.2387,1.3468,2.5359,2.7312,4.096,2.7892,1.6051,1.7236,1.5272,2.7591,1.7063,2.4438,3.4165,2.675,2.6898,2.8559,3.2502,1.881,1.3223,1.6748,1.8711,1.45,1.7341,1.8787
104,5,20200128,0.6747,2.0667,2.2562,2.1943,1.3517,1.8805,2.0072,1.8768,1.8701,1.9457,2.0693,1.5905,2.0866,3.0367,2.0307,1.386,1.9868,1.5664,2.8484,1.8416,3.9853,3.9622,4.9559,1.5098,0.7512,0.947,3.2482,1.2952,2.5578,2.7977,3.6106,2.4509,1.6165,1.6103,1.5108,2.5212,1.6359,2.4723,3.3541,2.7716,2.6067,2.8457,3.5547,1.8235,1.2475,1.6002,1.5541,1.357,1.6488,1.7745
105,6,20200129,0.6829,1.9157,2.2681,2.1605,1.3533,1.7008,1.8318,1.9177,1.7846,1.8546,2.0723,1.5401,2.0734,3.0407,2.0099,1.4498,2.0188,1.5537,2.7698,1.7707,3.5046,3.7438,4.2488,1.5341,0.7781,0.9374,3.1042,1.2566,2.5565,2.7671,3.4072,2.395,1.5311,1.6616,1.5324,2.2748,1.6062,2.4197,3.4172,2.7401,2.5914,2.8513,3.5916,1.87,1.2261,1.718,1.4118,1.3655,1.5794,1.7012
106,7,20200130,0.6645,1.6524,2.1833,2.0842,1.3216,1.5766,1.712,1.8966,1.6503,1.7378,1.9667,1.5621,1.7447,2.8478,1.5206,1.3431,1.941,1.4803,2.611,1.7201,3.3038,3.8443,4.2385,1.5564,0.7844,0.9329,2.9487,1.2612,2.5644,2.7597,3.2944,2.3377,1.5202,1.497,1.439,2.2546,1.51,2.2314,3.3286,2.5732,2.5374,2.8441,3.5076,1.916,1.1928,1.6084,1.3071,1.2906,1.452,1.6203
107,8,20200131,0.6906,1.6138,1.9718,2.0037,1.2986,1.508,1.6411,1.8662,1.6354,1.7281,1.8751,1.5553,1.7345,2.6656,1.4266,1.5133,1.9717,1.6171,2.2433,1.7046,2.9741,3.6041,4.1331,1.6023,0.8315,0.9848,2.6773,1.2859,2.3201,2.6484,3.2247,2.3417,1.4636,1.5489,1.5009,2.132,1.5142,2.043,3.0417,2.4375,2.4684,2.5875,3.1496,1.9554,1.1962,1.5894,1.2615,1.3346,1.4739,1.5696
108,9,20200201,0.6902,1.6082,1.977,1.8673,1.2547,1.4671,1.5241,1.7838,1.5492,1.7199,1.84,1.4589,1.5891,2.5219,1.3869,1.4764,1.9205,1.5741,2.1434,1.68,2.6603,3.5225,4.0146,1.5856,0.8205,0.9768,2.4839,1.2327,2.1213,2.5879,3.1286,2.2601,1.4121,1.5039,1.4863,2.0022,1.4415,1.8711,2.8596,2.2628,2.3399,2.4467,3.0158,1.8956,1.1443,1.6132,1.2026,1.2798,1.4798,1.5491
109,10,20200202,0.6617,1.5757,1.8868,1.7723,1.1859,1.4439,1.494,1.69,1.5007,1.7255,1.7547,1.4365,1.498,2.5253,1.3239,1.3508,1.6998,1.4982,1.9962,1.5458,2.4387,3.3937,4.0296,1.5624,0.7947,0.9485,2.3736,1.2124,2.0251,2.5523,2.9471,2.1691,1.3277,1.4647,1.4059,1.9135,1.2885,1.5723,2.5361,1.8847,2.0875,2.1829,2.6152,1.8316,1.1166,1.6229,1.0525,1.1882,1.4079,1.4802
110,11,20200203,0.693,1.5841,1.9086,1.8071,1.2594,1.4075,1.478,1.6497,1.5489,1.7267,1.7239,1.3355,1.5452,2.6065,1.4242,1.8071,2.0482,1.8374,2.0763,1.7502,2.3368,3.38,4.0146,1.6192,0.9471,1.0975,2.3432,1.323,1.9633,2.5421,2.8368,2.2389,1.5027,1.7298,1.5433,2.0369,1.4619,1.6882,2.4759,2.0049,2.2031,1.9499,2.6692,2.1702,1.1921,2.0728,0.8953,1.3077,1.4662,1.3335
111,12,20200204,0.6791,1.5392,1.8888,1.7329,1.1788,1.3773,1.4433,1.475,1.5034,1.7168,1.6258,1.311,1.4773,2.5809,1.374,1.6746,1.8725,1.7304,2.0611,1.6742,2.1931,3.2292,3.9112,1.5478,0.8578,1.0279,2.3376,1.2063,1.9283,2.3426,2.2911,1.9507,1.4844,1.6129,1.4729,1.9921,1.406,1.4852,2.0709,1.9884,2.1181,2.0017,2.7418,1.9495,1.1172,1.8942,0.7642,1.1415,1.2518,1.0742
112,13,20200205,0.6667,1.5238,1.9101,1.6806,1.1353,1.2879,1.3918,1.4733,1.4699,1.6929,1.5786,1.2434,1.4701,2.4158,1.3243,1.563,1.7223,1.7024,1.96,1.6026,2.0448,2.9051,3.5711,1.4933,0.8569,1.0336,2.2363,1.0587,1.8232,2.0818,1.8885,1.5064,1.4918,1.5598,1.4312,1.6961,1.3673,1.4551,1.9154,1.9316,2.0643,2.1427,2.7706,1.8588,1.0459,1.79,0.7765,1.0191,1.2168,1.0862
113,14,20200206,0.6,1.4866,1.7927,1.5687,1.0164,1.2051,1.314,1.3091,1.4339,1.6003,1.4436,1.1823,1.3235,2.2366,1.2094,1.4363,1.716,1.5969,1.8328,1.3844,1.9335,2.4352,3.121,1.3394,0.8678,1.0291,2.069,0.9255,1.7278,1.9752,1.6869,1.3506,1.3305,1.4522,1.3411,1.601,1.1915,1.2727,1.6979,1.6134,1.7804,1.833,2.1055,1.6922,0.953,1.8228,0.6558,0.8822,1.0346,0.866
114,15,20200207,0.6171,1.4859,1.8898,1.661,1.0941,1.2516,1.3904,1.4185,1.4635,1.6869,1.5093,1.2979,1.4063,2.2828,1.2384,1.6097,1.7736,1.6274,1.9015,1.4353,1.9911,2.5035,3.1703,1.3938,0.878,1.0444,2.2554,1.0333,1.9172,2.0908,1.6504,1.3565,1.4783,1.4683,1.3721,1.7938,1.3089,1.3556,1.9122,1.791,1.8849,2.0289,2.2692,1.8204,0.9452,1.6759,0.6946,0.8877,1.015,0.9412
115,16,20200208,0.609,1.52,1.8596,1.6858,1.0906,1.2976,1.4455,1.4028,1.4884,1.7251,1.4991,1.3248,1.4294,2.3144,1.2759,1.3753,1.6499,1.5089,1.887,1.3382,1.8108,2.4432,2.9495,1.1831,0.7805,0.9549,2.2872,0.9579,1.9302,2.1202,1.6382,1.2884,1.5488,1.3857,1.343,1.7282,1.1723,1.2612,1.9324,1.7491,1.841,1.8478,2.1394,1.6758,0.8629,1.4486,0.667,0.8271,0.9742,0.8966
116,17,20200209,0.616,1.5128,1.8706,1.6823,1.0852,1.3115,1.4104,1.3976,1.4908,1.7042,1.5224,1.2801,1.4363,2.3094,1.2703,1.3557,1.5754,1.5218,1.8529,1.3639,1.7751,2.4736,3.1806,1.2654,0.816,0.9745,2.3028,0.9924,1.9299,2.1566,1.5256,1.2493,1.6913,1.4212,1.3609,1.8643,1.1836,1.3428,1.9958,1.7967,1.8236,1.8765,2.1413,1.7972,0.8493,1.4351,0.7121,0.8605,1.0441,0.9502
117,18,20200210,0.6168,1.4855,1.8541,1.63,1.0738,1.2925,1.3983,1.3222,1.4825,1.6598,1.4909,1.2745,1.3521,2.2338,1.2895,2.2462,1.9205,2.5668,1.9136,1.7653,1.9254,2.5648,3.3194,1.7138,1.1951,1.5597,2.2926,1.2396,2.0312,2.2338,1.6239,1.4788,2.1106,1.9832,1.9454,2.2141,1.4304,1.5014,2.1112,1.7831,1.8594,2.0294,2.2292,2.6672,1.0207,1.742,0.7663,1.0941,1.4297,1.078
118,19,20200211,0.6076,1.4427,1.8633,1.6492,1.075,1.2717,1.3775,1.3138,1.4767,1.6308,1.505,1.2757,1.3617,2.3184,1.297,2.0881,1.8498,2.2464,1.8564,1.647,1.8059,2.5616,3.2603,1.6894,1.0938,1.4749,2.265,1.2207,1.998,2.2056,1.587,1.4193,1.9395,1.8014,1.8431,2.1221,1.2995,1.3919,2.1299,1.6889,1.726,1.9095,2.0831,2.6035,0.9712,1.6654,0.7634,1.0705,1.3456,1.05
119,20,20200212,0.5958,1.4524,1.9334,1.6577,1.097,1.285,1.371,1.3436,1.4996,1.6259,1.5844,1.2858,1.3825,2.3134,1.3538,2.0954,1.8653,2.3472,1.8617,1.6853,1.9549,2.6277,3.3733,1.7162,1.1562,1.5088,2.2568,1.2591,2.0197,2.2372,1.6211,1.4139,2.0543,1.8769,2.0395,2.2699,1.3592,1.4862,2.3497,1.8127,1.8673,1.9621,2.1978,2.6431,0.9872,1.6627,0.7709,1.1616,1.5222,1.1569
120,21,20200213,0.6191,1.4779,1.9656,1.7388,1.1573,1.3327,1.4073,1.395,1.5537,1.6677,1.6339,1.2985,1.4212,2.3359,1.3907,2.1563,1.9099,2.3907,1.867,1.7322,1.9947,2.689,3.5052,1.7651,1.1245,1.4838,2.2931,1.2828,2.0328,2.295,1.5834,1.3856,2.11,1.8965,2.1473,2.3569,1.3786,1.4926,2.3822,1.807,1.9461,1.9334,2.2254,2.7662,1.0118,1.7248,0.7871,1.2643,1.6562,1.2568
121,22,20200214,0.6714,1.5173,2.0456,1.7837,1.1515,1.329,1.4275,1.4471,1.5592,1.7696,1.6466,1.2317,1.4996,2.3204,1.4628,1.863,1.6561,2.4369,1.8612,1.7593,2.0263,2.5909,3.3673,1.8045,1.1964,1.5225,2.1669,1.2726,2.0411,2.2245,1.6676,1.3807,2.1859,1.9244,2.2728,2.2237,1.4425,1.5259,2.5629,1.8395,2.0774,1.9246,2.4274,2.5745,1.0067,1.731,0.8201,1.4047,1.8192,1.4668
122,23,20200215,0.5963,1.5369,1.8985,1.8656,1.0287,1.1908,1.3588,1.2783,1.491,1.978,1.5423,1.1399,1.4924,2.2095,1.3304,1.3779,1.4763,1.6099,1.5288,1.3053,1.6407,2.2791,3.0283,1.6376,0.9557,1.0751,1.8997,1.1124,1.8317,2.059,1.5964,1.2658,1.4888,1.39,1.8198,1.7466,1.1568,1.2522,2.4262,1.5726,1.8514,1.8214,2.0557,1.9126,0.858,1.3588,0.7702,1.2694,1.6084,1.4294
123,24,20200216,0.5791,1.3889,1.7615,1.5825,1.0448,1.2045,1.2934,1.2897,1.4442,1.6366,1.4955,1.1613,1.3347,2.2601,1.2654,1.4317,1.6436,1.5291,1.732,1.3049,1.6975,2.4282,3.249,1.4494,0.8624,1.0676,2.0239,1.1613,1.9754,2.1019,1.5189,1.2214,1.7042,1.4017,1.6952,1.8851,1.2282,1.379,2.4459,1.8429,2.1004,2.0353,2.3527,1.9951,0.8439,1.4358,0.7898,1.3317,1.532,1.3397
124,25,20200217,0.5928,1.3856,1.7259,1.5164,1.0716,1.2431,1.3187,1.3053,1.4565,1.637,1.5408,1.1919,1.3714,2.2889,1.3506,2.4975,2.1372,2.7933,1.9604,1.9934,1.993,2.7126,3.6204,2.4177,1.5253,1.8517,2.2537,1.5026,2.0649,2.3067,1.5929,1.4227,2.3886,2.1864,2.6725,2.4024,1.6547,1.6875,2.83,2.3419,2.4981,2.5841,2.9631,2.9882,1.1315,2.0355,0.9524,1.9911,2.3072,1.7487
125,26,20200218,0.5785,1.3667,1.6993,1.4995,0.9693,1.2181,1.29,1.2369,1.3829,1.595,1.4795,1.1732,1.2879,2.2459,1.3013,2.4258,2.1851,2.7717,1.9446,2.0037,2.0744,2.7631,3.7647,2.4687,1.5676,1.8731,2.2579,1.4882,2.0494,2.3128,1.5909,1.4016,2.3922,2.2481,2.8126,2.5244,1.7435,1.7668,3.051,2.5527,2.8303,3.4196,3.3474,3.0498,1.1353,2.0692,1.0086,2.2069,2.503,1.933
126,27,20200219,0.5739,1.3691,1.7054,1.4994,0.9437,1.2286,1.2782,1.1895,1.3973,1.5762,1.4252,1.1866,1.2899,2.1875,1.301,2.417,2.2057,2.8238,2.0297,2.0261,2.1237,2.7957,3.8701,2.5396,1.6509,1.9262,2.2358,1.5203,2.0856,2.3332,1.5707,1.4194,2.3942,2.3354,2.8882,2.6497,1.7844,1.7904,3.1692,2.6758,2.9262,3.7933,3.3964,3.0989,1.1674,2.1766,1.1659,2.3613,2.7723,2.1811
127,28,20200220,0.5907,1.4121,1.734,1.5429,0.9757,1.2413,1.2857,1.205,1.4075,1.6096,1.4466,1.1853,1.3421,2.2124,1.3065,2.4069,2.244,2.943,2.0802,2.1277,2.2609,2.9238,4.0538,2.7046,1.7648,2.0049,2.3097,1.5587,2.1288,2.4291,1.5971,1.4159,2.5747,2.6038,3.1088,3.0175,1.9564,1.851,3.5754,3.082,3.2169,4.1536,3.898,3.1794,1.1755,2.2135,1.6243,2.656,3.0677,2.5269
128,29,20200221,0.5968,1.4164,1.7129,1.5451,0.9645,1.2528,1.2946,1.1813,1.4117,1.6194,1.4452,1.2032,1.3107,2.1921,1.2856,2.4652,2.3562,3.0464,2.2375,2.1513,2.337,3.0688,4.2755,2.8651,1.903,2.1024,2.3072,1.648,2.2217,2.7802,1.5294,1.3379,2.5625,2.7827,3.2782,3.5704,2.0178,1.7697,3.7454,3.1057,3.2133,4.331,4.2278,3.2671,1.2809,2.4322,1.8656,2.8187,3.2712,2.8684
129,30,20200222,0.5687,1.3949,1.728,1.5648,0.951,1.2198,1.2882,1.1899,1.3991,1.6165,1.4772,1.1893,1.3323,2.2118,1.2969,1.5908,2.0238,2.0633,2.2241,1.8233,2.4931,3.3967,4.5377,2.3487,1.4691,1.6146,2.3644,1.5206,2.2571,3.3207,1.4921,1.1925,2.2438,2.256,2.7756,3.6036,1.6926,1.6018,3.9833,3.4124,3.4123,4.2819,4.1329,2.6946,1.156,1.9746,1.7531,2.3328,2.8644,2.8504
130,31,20200223,0.5693,1.384,1.729,1.5844,0.9472,1.222,1.2802,1.1971,1.4072,1.6104,1.495,1.1909,1.347,2.1625,1.2854,1.5594,2.0217,1.9461,2.3207,1.8141,2.8019,3.6151,4.5616,2.2512,1.3022,1.4733,2.4067,1.5316,2.3269,3.2401,1.4889,1.2482,2.3314,2.176,2.5168,3.3211,1.6557,1.5961,4.1455,3.4479,3.5273,3.9772,4.1654,2.4955,1.1791,1.9781,1.7336,2.2158,2.6804,2.8124
131,32,20200224,0.6197,1.458,1.8292,1.6633,1.0169,1.2955,1.3506,1.2904,1.5087,1.7147,1.5889,1.2374,1.3946,2.2502,1.3724,2.7557,2.7405,3.7677,2.7773,2.8543,3.3032,3.8342,4.9594,3.2714,2.5005,2.5213,2.6051,2.0533,2.4797,3.2035,1.6925,1.5183,3.2375,3.6194,3.8954,3.6895,2.5095,2.2128,4.5927,3.8845,3.9242,4.3585,4.8104,3.5462,1.6769,3.0243,2.3377,3.5278,3.9203,3.5947
132,33,20200225,0.6107,1.4545,1.8253,1.6642,0.9928,1.2846,1.3544,1.2668,1.5349,1.7442,1.5477,1.2384,1.379,2.2901,1.3893,2.6773,2.7305,3.7491,2.8282,2.7863,3.2638,3.5246,5.0108,3.2945,2.554,2.5475,2.574,2.1211,2.4877,3.07,1.7032,1.5304,3.2043,3.5288,3.9971,3.8304,2.526,2.2309,4.5886,3.8096,3.9391,4.2788,4.6463,3.533,1.7385,3.0951,2.3882,3.6015,4.0339,3.707
133,34,20200226,0.6198,1.4787,1.8034,1.6175,0.9823,1.2823,1.323,1.2168,1.4988,1.6978,1.5345,1.1932,1.341,2.2825,1.3547,2.7353,2.8661,3.7589,2.8685,2.9133,3.3364,3.4895,5.0315,3.322,2.6447,2.6036,2.5804,2.1296,2.4219,2.989,1.7485,1.5562,3.2174,3.66,4.0303,3.9814,2.5714,2.3142,4.4975,3.6254,3.9801,4.2978,4.6987,3.6853,1.8227,3.1638,2.4037,3.5449,4.005,3.7024
134,35,20200227,0.6085,1.4111,1.7545,1.5729,0.9804,1.236,1.3086,1.2256,1.4471,1.6192,1.5455,1.1472,1.285,2.1924,1.2963,2.7116,2.8964,3.8518,2.8541,2.9712,3.2578,3.3178,4.7271,3.2174,2.7149,2.6547,2.4062,2.0527,2.1965,2.6841,1.7976,1.5822,3.185,3.7344,4.1978,3.8815,2.6001,2.334,4.4303,3.7338,3.9229,4.3671,4.5874,3.7302,1.7083,3.1824,2.5137,3.7575,4.1983,3.8527
135,36,20200228,0.613,1.419,1.7476,1.5845,0.9666,1.2781,1.3496,1.2111,1.4759,1.6514,1.5328,1.224,1.2675,2.2348,1.279,2.792,2.9717,3.8699,2.953,2.9296,3.0863,3.4073,4.6084,3.3308,2.8055,2.7228,2.4333,2.3162,2.5072,3.0665,1.7164,1.5654,3.2176,3.6349,4.1884,3.8118,2.668,2.4981,4.4788,3.7678,4.0406,4.4618,4.6989,3.7322,1.9634,3.3528,2.687,3.8783,4.3705,4.0498
136,37,20200229,0.6184,1.5293,1.9497,1.7393,1.0272,1.3838,1.4102,1.2733,1.6031,1.778,1.6253,1.3427,1.4633,2.5452,1.4301,1.7131,2.4266,2.4827,2.99,2.5447,3.3196,3.8749,5.1439,2.7896,2.2079,2.1411,2.8424,2.1252,2.7011,3.3958,1.8416,1.4485,2.5563,2.8093,3.5446,3.8138,2.0171,2.1559,4.3319,3.5506,3.7093,4.5481,4.5294,3.2218,1.8425,2.9273,2.608,3.0666,3.8667,3.9735
137,38,20200301,0.6157,1.5232,1.9788,1.7702,1.0285,1.3961,1.4353,1.2983,1.6412,1.8056,1.6992,1.3647,1.4968,2.5943,1.4459,1.8045,2.5051,2.3332,2.9887,2.4875,3.3898,4.0081,5.3361,2.5408,1.8428,1.971,2.8325,2.1717,2.8292,3.4445,1.9345,1.4907,2.8102,2.6025,3.1914,3.7328,2.2142,2.2027,4.1812,3.8098,3.9763,4.3224,4.2616,3.0317,1.8832,2.7656,2.4639,2.895,3.4221,3.6319
138,39,20200302,0.654,1.5509,1.9895,1.7065,1.0536,1.398,1.4633,1.319,1.6169,1.8013,1.6729,1.3492,1.4753,2.4211,1.4264,3.1671,3.4374,4.4739,3.2718,3.6495,3.7754,4.2204,5.44,3.5721,3.3267,3.1551,2.8811,2.9538,2.9157,3.6471,2.1023,1.8226,3.6416,4.3522,4.7803,4.4057,3.0921,2.9307,4.5739,4.0576,4.2516,4.5921,4.6334,4.4278,2.7092,3.7197,3.1659,4.5428,4.8653,4.3971
139,40,20200303,0.6523,1.5413,1.9694,1.7374,1.0376,1.4095,1.4873,1.2937,1.6912,1.8068,1.6575,1.4008,1.4539,2.4829,1.4388,3.0333,3.3864,4.4715,3.2615,3.6397,3.8288,4.2699,5.4354,3.6169,3.3531,3.1712,2.9408,3.0406,2.9755,3.7333,2.1197,1.8196,3.4467,4.3673,4.8551,4.4482,2.8721,2.6572,4.0785,3.6997,3.8015,4.1275,4.007,4.4355,3.063,3.9141,3.2111,4.5467,4.9091,4.4139
140,41,20200304,0.6699,1.5732,2.0276,1.8792,1.0641,1.4347,1.5317,1.3666,1.7787,1.8668,1.7954,1.4459,1.5723,2.6279,1.5445,3.1057,3.471,4.4859,3.3895,3.7244,3.8686,4.3627,5.4744,3.3404,3.3715,3.0877,3.0344,3.0968,3.0479,3.8668,2.3434,1.8326,3.6231,4.3987,4.9355,4.5149,3.0707,2.9107,4.206,4.0912,4.0708,4.0052,4.1706,4.4851,3.2479,4.0302,3.2029,4.6368,4.9631,4.3949
141,42,20200305,0.6743,1.5859,2.0561,1.9138,1.0746,1.455,1.5675,1.3761,1.8042,1.8816,2.3812,1.4724,1.6253,2.6178,1.5632,3.0999,3.5318,4.5436,3.5102,3.8032,3.9266,4.4078,5.4391,3.5788,3.4149,3.2136,3.095,3.2405,3.1117,3.8718,2.5217,1.8815,3.7437,4.4346,5.0449,4.5323,3.2267,3.0771,4.5335,4.1975,4.2828,4.3517,4.4327,4.5395,3.3722,4.0248,3.4446,4.7685,5.1135,4.6034
142,43,20200306,0.677,1.5901,2.0423,1.8762,1.0767,1.4539,1.5935,1.3256,1.8509,1.8885,2.4035,1.5208,1.5805,2.6513,1.5096,3.1469,3.6258,4.6154,3.6061,3.8342,3.9497,4.4999,5.3921,3.7205,3.5036,3.2697,3.0664,3.3806,3.1872,3.8166,2.6064,1.9143,3.6331,4.5145,5.1627,4.5499,3.0509,2.9605,4.0912,3.8078,3.8834,4.497,4.0645,4.6286,3.4918,4.074,3.4275,4.8189,5.1985,4.6175
143,44,20200307,0.6507,1.6015,2.1221,2.0329,1.0803,1.4873,1.6322,1.3628,1.8767,1.8991,2.6302,1.5742,1.7338,2.6902,1.5575,2.0726,2.9952,3.0023,3.3312,3.2311,3.9055,4.8725,5.5735,3.0066,2.6438,2.5126,3.2102,3.0526,3.3283,3.9851,2.5434,1.6982,3.0416,3.4096,4.4232,4.3897,2.6318,2.755,4.2572,3.9796,3.9667,4.3863,4.1092,3.852,2.9627,3.4111,3.3391,3.8801,4.593,4.4606
